song_id,album_id,singer,title,genre,like_num,comment_num,lyricists,composers,arrangers
37140709,11391902,TWS (투어스),첫 만남은 계획대로 되지 않아,댄스,165128,2019,3679765|446175|2242475|2854631|2926813,3679765|2242475|2746431|890446|3062390|2854631|2926813|686367|2019282,3679765|2242475|890446|2854631|2746431
37138469,11402655,i-dle (아이들),나는 아픈 건 딱 질색이니까,댄스,172873,2284,1050107,1050107|778848|2971650|2940838,778848|2971650|2940838|1050107
37524037,11487023,aespa,Supernova,댄스,185521,6208,605098,605098|3804145|883258,883258
37145732,11404142,아이유,Love wins all,발라드,215503,2203,261143,1759925,1759925
31927275,10307346,DAY6 (데이식스),한 페이지가 될 수 있게,록/메탈,360394,3073,895389,895387|895386|895389|895390|622071,622071
37023625,11376816,임재현,비의 랩소디,발라드,105327,673,1033|1829,1033,2901535
30232719,10036099,DAY6 (데이식스),예뻤어,록/메탈,375289,4780,895389,622071|635719|895390|895389,622071|635719
37347911,11450069,아일릿(ILLIT),Magnetic,댄스,138233,2925,606458|4079|3748994|2882221|2084995|944323|2242706|3749000|781327|698224|2880151|2958898|3748995,606458|4079|3748994|2882221|2084995|944323|2242706|3749000|781327|698224|2880151|2958898|3748995,
37228861,11421941,이창섭,천상연,발라드,136439,465,1841,1841,634991|2911636
37373234,11454681,QWER,고민중독,록/메탈,151538,1181,3610893|2925591|1758439|2854860|3610638,3610893|2859608|2854860|2925591|2297197,3610893|2297197
37003911,11372896,태연 (TAEYEON),To. X,R&B/Soul,175904,1062,605098,2961911|3620519|3054048,2961911|3620519
37053556,11382987,이무진,에피소드,록/메탈,133956,562,2138620,2138620|13476|873855|1460593,13476|873855
36699489,11305759,너드커넥션 (Nerd Connection),그대만 있다면 (여름날 우리 X 너드커넥션 (Nerd Connection)),발라드,160157,204,1844,1844,680692
37390939,11459325,이클립스 (ECLIPSE),소나기,"발라드, 국내드라마",188197,2259,10515|751075,10515|608880|751073,2020891
37563682,11475749,NewJeans,How Sweet,댄스,154039,3188,3116925|2242048|3806703|2751687|3806705|964103|3116666,640712|2242048|3806703|2751687|3806705|964103,640712
37194943,11415997,비비 (BIBI),밤양갱,R&B/Soul,152248,970,611343,611343,611343
37323943,11444397,DAY6 (데이식스),Welcome to the Show,록/메탈,187949,1264,895389,895386|895389|895390|622071,622071
36382580,11227533,박재정,헤어지자 말해요,발라드,190003,1537,738480,738480|3206190,3206190
37460832,11474894,지코 (ZICO),SPOT! (feat. JENNIE),랩/힙합,128472,957,602056,602056|2641293|993719,602056|2641293|993719
36956630,11362544,aespa,Drama,댄스,111022,1426,994390|2740729,993719|3461128|1458723|2641415,993719
36356993,11211297,IVE (아이브),I AM,댄스,233604,3370,511981,861809|3069364|3236198|3320320,861809|3236198|3069364
34451383,10821699,범진,인사,"발라드, 인디음악",153310,295,2189803|3061770,2189803,2901535
35454426,11011565,NewJeans,Hype Boy,댄스,312432,2813,3116925|777544|3116665,640712|777544,640712
36910957,11352904,LE SSERAFIM (르세라핌),Perfect Night,댄스,123250,2615,828992|741850|3055641|4079|3613012|698224|781327|3613014|3093330|2892835|2631066|828526,828992|741850|3055641|4079|3613012|698224|781327|3613014|3093330|2892835|2631066|828526,
37098744,11394065,RIIZE,Love 119,댄스,132212,2221,3680528|785725|1066118|612432,2967881|2117527|2895877|946797,2914866|946797
37463572,11475530,IVE (아이브),해야 (HEYA),댄스,93260,1584,717179|923695|868394,861809|895733|3750723|3759115|2895886|2895887,861809|883258|3750723|2400790
4446485,2232505,성시경,너의 모든 순간,"발라드, 국내드라마",312140,604,4353,3305,6971
36617841,11286070,정국,Seven (feat. Latto) - Clean Ver.,댄스,226542,5164,915226|873690|3459292|3472605|1285300,915226|873690|3459292|3472605|1285300,
32061975,10331947,AKMU (악뮤),"어떻게 이별까지 사랑하겠어, 널 사랑하는 거지",발라드,487835,2851,712453,712453,1285726
37344905,11449278,Crush,미안해 미워해 사랑해,"발라드, 국내드라마",110785,286,170616|774083,170616|774083,170616|774083
34061322,10735654,임영웅,사랑은 늘 도망가,"발라드, 국내드라마",231779,11079,9712,13692,1461084
37657039,11517951,이영지,Small girl (feat. 도경수(D.O.)),랩/힙합,167208,1093,2636153,602271|2636153,602271
35945927,11127145,NewJeans,Ditto,댄스,306802,3953,777544|276166|773385|3116664,640712|777544,640712
34657844,10871162,멜로망스,사랑인가 봐,"발라드, 국내드라마",230229,317,839736,839732,839735
37464459,11475749,NewJeans,Bubble Gum,댄스,119677,1086,3116925|3806704|894861,640712|3806704|894861,640712
36635522,11281456,NewJeans,ETA,댄스,146581,1382,3116925|777544|532029,640712|777544,640712
36599950,11281456,NewJeans,Super Shy,댄스,179727,1807,3116925|991182|2566859|3470802|3116666,3470800|2566859|3470802,3470800
37323944,11444397,DAY6 (데이식스),HAPPY,록/메탈,202950,2174,895389,895386|895390|622071,622071
36616378,11285867,우디 (Woody),사막에서 꽃을 피우듯,발라드,111842,855,2896926,2896926,788430
31666417,10260858,잔나비,주저하는 연인들을 위해,"인디음악, 록/메탈",448599,3666,772258,772258|772255|772257,772258|772255|772257|763974
37524038,11487023,aespa,Armageddon,댄스,95993,1700,994390,1458723|924416|3461128|993719,993719
36713849,11309190,AKMU (악뮤),Love Lee,댄스,132235,715,712453,712453|1705340|994501,
37225604,11407156,LE SSERAFIM (르세라핌),EASY,랩/힙합,75371,1938,3613012|2118144|3689679|3689696|3689664|2867316|710659|828992|741850|4079,3613012|2118144|3689679|3689696|3689664|2867316|710659|828992|741850|4079,
34819473,10903868,윤하 (YOUNHA),사건의 지평선,록/메탈,339799,3255,203912,203912|2645474,2645474|510242
36717264,11309832,RIIZE,Get A Guitar,댄스,120173,1313,3561409|994390,839379|839380|2868971|3100257,2890079
38120327,11619809,"로제 (ROSÉ), Bruno Mars",APT.,댄스,217258,2634,995171|2878391|3957494|3688384|3957499|708751|495811|2633319|2750810|52245|3957502,995171|2878391|3957494|3688384|3957499|708751|495811|2633319|2750810|52245|3957502,495811|3459292|3957499|3688384
37069064,11386568,순순희(지환),슬픈 초대장,"발라드, 인디음악",74683,65,3808,46877,753294
30962526,10149492,폴킴,"모든 날, 모든 순간 (Every day, Every Moment)","발라드, 국내드라마",437920,1131,781005,781005,781005
34431086,10816959,김민석,취중고백,발라드,202610,421,602674,602674,2761343
33496587,10610525,"경서예지, 전건호",다정히 내 이름을 부르면,발라드,217868,381,641751|237650,641751|237650,641751
36430773,11240232,i-dle (아이들),퀸카 (Queencard),댄스,151279,2122,1050107,1050107|778848|2971650|2940838,778848|2971650|2940838|1050107
36930793,11356868,VIVIZ (비비지),MANIAC,댄스,71982,3899,2880147,2895886|2895887|2635617|3614649|3478501,2400790
37064763,11385577,태연 (TAEYEON),꿈,"발라드, 국내드라마",56283,170,19,19,614871|2296984
36416114,11236264,aespa,Spicy,댄스,148743,2724,994390,2203861|2203860|2006833|1704486,2403793|2873562
36110996,11166539,부석순 (SEVENTEEN),파이팅 해야지 (Feat. 이영지),댄스,212889,4494,868677|602061|868682|874344|874347|2636153,868677|602061|868682|868678|923991,
35454425,11011565,NewJeans,Attention,댄스,258898,3022,3116925|3116926|3116666,640712|3116926,640712
37737619,11533515,i-dle (아이들),클락션 (Klaxon),댄스,67262,1004,1050107,1050107|778848|2971650|2940838,778848|2971650|2940838|1050107
34908740,10923444,임영웅,우리들의 블루스,발라드,120711,4589,3090135,47111|1702434,47111|1702434
37693124,11525661,KISS OF LIFE,Sticky,댄스,93997,921,2559697|3157387|3106256,2622003|3048947|2955788|3157387,2622003|3048947
34847378,10909179,IVE (아이브),LOVE DIVE,댄스,260746,2897,631031,3087232|3087234|3087238,3087238
32872978,10479150,방탄소년단,Dynamite,댄스,469933,19045,2887250|1648191,2887250|1648191,
36595401,11280645,로이킴,"잘 지내자, 우리 (여름날 우리 X 로이킴)",발라드,105133,174,731775|197928,197928,721526|861136
35985167,11127145,NewJeans,OMG,댄스,224141,9542,3116925|777544|3116665,991183|777544|907465,991183
37373808,11454802,BABYMONSTER,SHEESH,R&B/Soul,67490,1469,612483|2891287|2881291|2924494|2880279|3750560,612483|2924494|1870|2891287|2881291|2880279|3750560,2924494|612483|1870|627331
30244931,10037969,방탄소년단,봄날,랩/힙합,513542,14290,168642|725991|1203128|4079|1459544|1203125|725988,168642|725991|1203128|4079|1459544|1203125|725988,
36502910,11258233,임영웅,모래 알갱이,발라드,72567,3315,994944|3462448|946140,994944|3462448|946140,3462447
36871671,11333459,IVE (아이브),Baddie,댄스,78436,1263,2744750|2731429|861809,861809|3320348|3320345|781327,861809|3320355|3320358
36334401,11215072,임한별,사랑하지 않아서 그랬어,발라드,76254,243,3135555,3135555,3135555|3257247|3136140
36852553,11339556,제니 (JENNIE),You & Me,댄스,80396,681,605902|924443,605902|756340|2748606,756340|2748606
35008524,10923444,임영웅,다시 만날 수 있을까,발라드,97632,3051,1088,1088,610062
37225606,11407156,LE SSERAFIM (르세라핌),Smart,R&B/Soul,53475,836,828992|741850|710659|3454140|3231903|3139066|4079|2945402|3093330|3689659|3128482|2867316|3689654|3127498,828992|741850|710659|3454140|3231903|3139066|4079|2945402|3093330|3689659|3128482|2867316|3689654|3127498|4339130,
37248283,11427101,PLAVE,WAY 4 LUV,록/메탈,80699,4937,3207401|722679,3207401|722679,
36180700,11180278,DK(디셈버),심(心),록/메탈,92905,479,6255,3471,680692
37222942,11404142,아이유,홀씨,랩/힙합,63372,487,261143,60168|60272|261143,60168|60272
36062335,11154218,순순희(기태),그대가 내 안에 박혔다(그내박),"발라드, 인디음악",53837,91,205746|1703036,674327,674327
32508053,10412319,임영웅,이제 나만 믿어요,성인가요/트로트,182948,6664,511981,4676,4676|602391
4352438,2219671,EXO,첫 눈,발라드,305217,4464,605098,605098|49694,605098
38123332,11620540,aespa,Whiplash,댄스,146584,2027,3807247,3978398|751133|991788|3750722,3750722|751133
36713850,11309190,AKMU (악뮤),후라이의 꿈,포크/블루스,139958,667,712453,712453|12081,
36391236,11229537,세븐틴 (SEVENTEEN),손오공,댄스,192689,2679,868677|602061|868678|868679,868677|602061|875079,
36855841,11340391,임영웅,Do or Die,댄스,53135,3393,3100548|994944,666058|3574390,666058
35008525,10923444,임영웅,무지개,록/메탈,85771,1413,1956086|714723,714723|1956086,1956086|714723|3093396
36318125,11211297,IVE (아이브),Kitsch,댄스,165892,2213,717179|612435,861809|3236197|3236198|3236196|3236195|3236194|718939|2750866,861809|3236198|718939|2750866
37375706,11455285,이무진,청혼하지 않을 이유를 못 찾았어,발라드,63888,233,2138620|3749523|957863|3478488,2138620|1759925|3455360,1759925
37138464,11402655,i-dle (아이들),Super Lady,댄스,42367,1047,1050107,1050107|778848|2971650|2940838,778848|2971650|2940838|1050107
35252996,10975276,#안녕,해요 (2022),"발라드, 인디음악",108654,147,428,781,875358|2639302
35834583,11102375,임영웅,London Boy,록/메탈,71074,2789,994944|2637391,994944|2637391,540661
38077932,11610170,aespa,UP (KARINA Solo),댄스,115334,2039,2899557,606458|3571996|3572006|3055641|3946370|2972563|3231903|3107709,606458|3946370
36778869,11323044,도경수(D.O.),별 떨어진다 (I Do),발라드,110286,798,3059039,861809|3320372|2295598|2935569|2935568,861809|3320372
36440243,11242411,지아,사랑..그게 뭔데,발라드,56384,111,673,3885,2867136
38022274,11580909,QWER,내 이름 맑음,록/메탈,103102,996,1050107,1050107|778848|2971650|2940838,778848|2971650|2940838|1050107
37051616,11382496,볼빨간사춘기,사랑할 수밖에,"발라드, 인디음악",75886,250,960306,960306|608300,608300
36404853,11233031,허각,물론,발라드,70070,142,3616,4676,2867136
35834584,11102375,임영웅,Polaroid,록/메탈,61719,1548,2637391,56789|2637391|2862204,2862204|56789
37640352,11456179,RIIZE,Boom Boom Bass,댄스,85452,1579,3811794|785725,839380|839379|2868971|3100257,2890079
35008534,10923444,임영웅,인생찬가,발라드,63481,982,3853,3853|2140104,2140104|1865770
35546497,11034298,IVE (아이브),After LIKE,댄스,249195,3539,631031,861809|778337|3122328|3122333|3122331|3122332,861809|778337|2059609|2400067
37248286,11427101,PLAVE,우리 영화,랩/힙합,62130,1399,3207401|3064434|2402476,3207401|3064434|2402476,
37884934,11564698,프로미스나인,Supersonic,댄스,87247,2329,2896023|2398376|3879529|3461461|3374493|2190059|3879530|2973311|1202385,2190059|3879530|2973311|1202385|2242475|3879531,
37138471,11402655,i-dle (아이들),Wife,댄스,37209,636,1050107,1050107|2971650|2940838|778848,2971650|2940838|778848|1050107
35945927,11127145,NewJeans,Ditto,댄스,306802,3953,777544|276166|773385|3116664,640712|777544,640712
35454426,11011565,NewJeans,Hype Boy,댄스,312432,2813,3116925|777544|3116665,640712|777544,640712
36356993,11211297,IVE (아이브),I AM,댄스,233604,3370,511981,861809|3069364|3236198|3320320,861809|3236198|3069364
35985167,11127145,NewJeans,OMG,댄스,224141,9542,3116925|777544|3116665,991183|777544|907465,991183
34819473,10903868,윤하 (YOUNHA),사건의 지평선,록/메탈,339799,3255,203912,203912|2645474,2645474|510242
36318125,11211297,IVE (아이브),Kitsch,댄스,165892,2213,717179|612435,861809|3236197|3236198|3236196|3236195|3236194|718939|2750866,861809|3236198|718939|2750866
36430773,11240232,i-dle (아이들),퀸카 (Queencard),댄스,151279,2122,1050107,1050107|778848|2971650|2940838,778848|2971650|2940838|1050107
35454425,11011565,NewJeans,Attention,댄스,258898,3022,3116925|3116926|3116666,640712|3116926,640712
36382580,11227533,박재정,헤어지자 말해요,발라드,190003,1537,738480,738480|3206190,3206190
35546497,11034298,IVE (아이브),After LIKE,댄스,249195,3539,631031,861809|778337|3122328|3122333|3122331|3122332,861809|778337|2059609|2400067
36416114,11236264,aespa,Spicy,댄스,148743,2724,994390,2203861|2203860|2006833|1704486,2403793|2873562
35729104,11078496,LE SSERAFIM (르세라핌),ANTIFRAGILE,댄스,169900,1986,828992|741850|3132364|4079|2947942|2204052|2086744|2639796|2867219|2084995,828992|741850|3132364|4079|2947942|2204052|2086744|2639796|2867219|2084995,
34847378,10909179,IVE (아이브),LOVE DIVE,댄스,260746,2897,631031,3087232|3087234|3087238,3087238
36599950,11281456,NewJeans,Super Shy,댄스,179727,1807,3116925|991182|2566859|3470802|3116666,3470800|2566859|3470802,3470800
36110996,11166539,부석순 (SEVENTEEN),파이팅 해야지 (Feat. 이영지),댄스,212889,4494,868677|602061|868682|874344|874347|2636153,868677|602061|868682|868678|923991,
36411342,11234678,LE SSERAFIM (르세라핌),UNFORGIVEN (feat. Nile Rodgers),댄스,120679,1575,3454601|828992|741850|710659|1759392|2967244|3454131|612441|612437|3106439|2625699|3072079|2086744|2400353|3454133|3454134|3454135|3051676,3454601|828992|741850|710659|1759392|2967244|3454131|612441|612437|3106439|2625699|3072079|2086744|2400353|3454133|3454134|3454135|3051676,
36331121,11214411,지수 (JISOO),꽃,댄스,125925,1587,2748606|608455|2735646|605902,756340|2735646|608455,756340
34061322,10735654,임영웅,사랑은 늘 도망가,"발라드, 국내드라마",231779,11079,9712,13692,1461084
4446485,2232505,성시경,너의 모든 순간,"발라드, 국내드라마",312140,604,4353,3305,6971
34657844,10871162,멜로망스,사랑인가 봐,"발라드, 국내드라마",230228,317,839736,839732,839735
36105548,11165170,STAYC(스테이씨),Teddy Bear,댄스,114511,1761,778973|601912,778973|628831,487740|628831
36617841,11286070,정국,Seven (feat. Latto) - Clean Ver.,댄스,226542,5164,915226|873690|3459292|3472605|1285300,915226|873690|3459292|3472605|1285300,
36180700,11180278,DK(디셈버),심(心),록/메탈,92905,479,6255,3471,680692
36411344,11234678,LE SSERAFIM (르세라핌),"이브, 프시케 그리고 푸른 수염의 아내",댄스,118241,1140,828992|741850|4079|3454142|3454144|3106439|2855693|3454140|3093330|3093351|2084995,828992|741850|4079|3454142|3454144|3106439|2855693|3454140|3093330|3093351|2084995,
35931532,11124139,NCT DREAM,Candy,댄스,187933,7436,8847,8847,605098
36635522,11281456,NewJeans,ETA,댄스,146581,1382,3116925|777544|532029,640712|777544,640712
35252996,10975276,#안녕,해요 (2022),"발라드, 인디음악",108654,147,428,781,875358|2639302
34431086,10816959,김민석,취중고백,발라드,202609,421,602674,602674,2761343
36391236,11229537,세븐틴 (SEVENTEEN),손오공,댄스,192689,2679,868677|602061|868678|868679,868677|602061|875079,
35730562,11078852,i-dle (아이들),Nxde,댄스,164145,2167,1050107,1050107|778848|2006131,778848|2006131|1050107
36713849,11309190,AKMU (악뮤),Love Lee,댄스,132235,715,712453,712453|1705340|994501,
34908740,10923444,임영웅,우리들의 블루스,발라드,120711,4589,3090135,47111|1702434,47111|1702434
35643794,11057545,테이,Monologue,발라드,99084,285,32783,12415,2867136
32872978,10479150,방탄소년단,Dynamite,댄스,469933,19045,2887250|1648191,2887250|1648191,
33496587,10610525,"경서예지, 전건호",다정히 내 이름을 부르면,발라드,217868,381,641751|237650,641751|237650,641751
34754292,10890384,i-dle (아이들),TOMBOY,록/메탈,245746,3558,1050107,1050107|778848|3080986,778848|3080986|1050107
36001290,11140018,H1-KEY (하이키),건물 사이에 피어난 장미 (Rose Blossom),댄스,124771,1305,895389,622071,622071
35008524,10923444,임영웅,다시 만날 수 있을까,발라드,97632,3051,1088,1088,610062
36404853,11233031,허각,물론,발라드,70070,142,3616,4676,2867136
35595136,11045985,지코 (ZICO),새삥 (Prod. ZICO) (Feat. 호미들),랩/힙합,152988,897,602056|2754650|2753718,602056|778848,602056|778848
36334401,11215072,임한별,사랑하지 않아서 그랬어,발라드,76254,243,3135555,3135555,3135555|3257247|3136140
30244931,10037969,방탄소년단,봄날,랩/힙합,513542,14290,168642|725991|1203128|4079|1459544|1203125|725988,168642|725991|1203128|4079|1459544|1203125|725988,
36034936,11146937,태양,VIBE (feat. Jimin of BTS),댄스,105615,1750,247621|2748606,605902|608455|2748606|247621|725985|756340,756340|608455
33507137,10612483,방탄소년단,Butter,댄스,299213,7724,701495|2894574|2939015|725991|2939017|2939019|2939020,701495|2894574|2939015|725991|2939017|2939019|2939020,
35640077,11033394,BLACKPINK,Shut Down,랩/힙합,131876,1999,605902|924443|2748606,605902|756340,756340
35361345,10995477,10CM,그라데이션,"인디음악, 포크/블루스",190675,503,468244,468244|606302,468244|9467|685055|680219|2020520
34787226,10897407,주호,내가 아니라도,발라드,115013,211,683631|859537,683631|859537,859537
36713850,11309190,AKMU (악뮤),후라이의 꿈,포크/블루스,139958,667,712453,712453|12081,
36206259,11188020,FIFTY FIFTY,Cupid,댄스,131201,1572,2907660|2749946|3156916|3157451|3203382|3203384,3157451|3203382|3203384,2907660|3157451|3203382|3203384
30962526,10149492,폴킴,"모든 날, 모든 순간 (Every day, Every Moment)","발라드, 국내드라마",437920,1131,781005,781005,781005
32508053,10412319,임영웅,이제 나만 믿어요,성인가요/트로트,182948,6664,511981,4676,4676|602391
35953611,11128774,우디 (Woody),Say I Love You,발라드,91764,96,563552,151315|510537,625291
36616378,11285867,우디 (Woody),사막에서 꽃을 피우듯,발라드,111842,855,2896926,2896926,788430
34927767,10925762,BIG Naughty (서동현),정이라고 하자 (Feat. 10CM),R&B/Soul,238018,828,2744750,2190430|2744750|2885367,2190430
35542908,11033394,BLACKPINK,Pink Venom,랩/힙합,164200,3057,605902|924443,605902|756340|633071|3121927,756340|633071|3121927
34349913,10798794,IVE (아이브),ELEVEN,댄스,199544,1747,631031|2872412|781327|861809,2872412|781327|861809,2872412|861809|2736643
35009233,10939458,LE SSERAFIM (르세라핌),FEARLESS,댄스,118980,1846,828992|741850|710659|3093358|3093357|3093356|4079|1759392|2967244|3093354|2086744|3093352|2633230,828992|741850|710659|3093358|3093357|3093356|4079|1759392|2967244|3093354|2086744|3093352|2633230,
31666417,10260858,잔나비,주저하는 연인들을 위해,"인디음악, 록/메탈",448599,3666,772258,772258|772255|772257,772258|772255|772257|763974
35937396,11125247,이영지,NOT SORRY (Feat. pH-1) (Prod. by Slom),랩/힙합,121559,648,2636153|943511,958165|2398550|2636153|943511,958165|2398550
35485544,11011565,NewJeans,Cookie,댄스,154859,1039,3116925|777544,991183|777544,991183
36206208,11188007,지아,사랑하기 싫어,발라드,44282,276,10578,2637208,2867136
35008525,10923444,임영웅,무지개,록/메탈,85771,1413,1956086|714723,714723|1956086,1956086|714723|3093396
35383397,11000171,WSG워너비 (가야G),그때 그 순간 그대로 (그그그),발라드,135340,904,274866|609561,274866|609561,609561|789402
36681074,11300771,전소미,Fast Forward,댄스,82312,691,605902|968260|943259|2748606,605902|2748606|633071|943259,633071|2748606|605902
35834583,11102375,임영웅,London Boy,록/메탈,71074,2789,994944|2637391,994944|2637391,540661
36145589,11175689,Zior Park,CHRISTIAN,록/메탈,83030,494,2085020,2085020|2560319|2938064,2560319|2938064|2085020
35008527,10923444,임영웅,아버지,발라드,61813,836,3093395,3093395,3093394
35834584,11102375,임영웅,Polaroid,록/메탈,61719,1548,2637391,56789|2637391|2862204,2862204|56789
34270805,10778556,윤하 (YOUNHA),오르트구름,록/메탈,143430,836,2084995,2645474|247903|2887580,2645474
36440243,11242411,지아,사랑..그게 뭔데,발라드,56384,111,673,3885,2867136
33666269,10648182,방탄소년단,Permission to Dance,댄스,232221,4347,549800|2950352|2890277|701495,549800|2950352|2890277|701495,
36761467,11315612,"다이나믹 듀오, 이영지","Smoke (Prod. Dynamicduo, Padi)",랩/힙합,63888,365,3264|3262|2636153,1866686|3264,1866686
32061975,10331947,AKMU (악뮤),"어떻게 이별까지 사랑하겠어, 널 사랑하는 거지",발라드,487835,2851,712453,712453,1285726
34943312,10929486,경서,나의 X에게,발라드,160792,360,674327|981837|2748273,674327|981837|2748273,674327|981837
35299693,10984354,Paul Blanco,Summer (Feat. BE’O (비오)),랩/힙합,159619,312,943079|2758756,943079|904925|2758756|2619895,943079|904925
36351997,11219412,Agust D,사람 Pt.2 (feat. 아이유),R&B/Soul,83567,1126,725988|722679,725988|722679,
36365073,11222887,던 (DAWN),빛이 나는 너에게,R&B/Soul,102332,297,991776|858851|2899115|781017|602471,991776|858851|2899115,858851
36599949,11281456,NewJeans,New Jeans,댄스,108470,746,3116925|2566859|3470799|3116671,991183|3470800|2566859|3470799,991183|3470800
35008534,10923444,임영웅,인생찬가,발라드,63481,982,3853,3853|2140104,2140104|1865770
35665282,11062364,Crush,Rush Hour (Feat. j-hope of BTS),R&B/Soul,120182,606,674710|725984|787227,674710|673527,674710|673527
36394038,11230265,임재현,Heaven(2023),"발라드, 국내드라마",45484,77,673,3576,875016
36313117,11205764,지민,Like Crazy,댄스,74195,2838,168642|2631700|979158|2751037|725985|725991|3233246,168642|2631700|979158|2751037|725985|725991|3233246,
35920493,11121346,송하예,그대를 알고,발라드,48323,97,3616,274866,1461084|719719
36266615,11201031,NMIXX,Love Me Like This,댄스,73290,1643,3060838|612462|3227395|3074676|2958898|978350,790513|790514|3227394|724188,790516
35890454,11115359,주호,잘가요,발라드,47047,151,653952,1841,859537
33061995,10518234,경서,밤하늘의 별을(2020),발라드,242887,3097,2878598,2878598,3493
35008528,10923444,임영웅,A bientot,랩/힙합,56813,1184,202529,202529,202529
31343875,10210149,백아,첫사랑,"인디음악, 포크/블루스",218543,413,2113114,2113114,2113114
35668899,11063205,"10CM, BIG Naughty (서동현)",딱 10CM만,R&B/Soul,127037,352,2744750|468244,2190430|2744750,2190430|2744750
36595401,11280645,로이킴,"잘 지내자, 우리 (여름날 우리 X 로이킴)",발라드,105133,174,731775|197928,197928,721526|861136
36430774,11240232,i-dle (아이들),Allergy,댄스,76358,611,1050107,1050107|778848|2971650|2940838|2006131,778848|2971650|2940838|1050107
36518341,11262009,탑현,나에게 그대만이,발라드,60794,40,882672,1841,1703164|1460343
36428682,11239639,이무진,잠깐 시간 될까,록/메탈,84979,509,2138620,2138620,2944161|2892056
36502910,11258233,임영웅,모래 알갱이,발라드,72567,3315,994944|3462448|946140,994944|3462448|946140,3462447
34875621,10916904,BE'O (비오),LOVE me,랩/힙합,167066,516,2758756,2758756|2190430,2758756|2190430
418168,28985,성시경,희재,"발라드, 국내영화",179017,414,4681,4573,4573|6974
35730698,11078887,임한별,떠나보낼 준비해 둘걸 그랬어,발라드,59738,86,3135555,3135555,3135555|3136139|3136140
34997078,10937474,싸이 (PSY),That That (prod. & feat. SUGA of BTS),댄스,140352,1241,3865|725988,725988|3865|722679,725988|722679
35685439,11067591,BE'O (비오),자격지심 (Feat. ZICO),랩/힙합,102603,335,2758756|602056,2402069|1866677|2758756|602056,2402069|1866677
34845949,10908834,BIGBANG (빅뱅),봄여름가을겨울 (Still Life),록/메탈,354986,5591,6984|152192|608455,608455|2735646|2748606|6984|152192,608455|627051|756340
34847378,10909179,IVE (아이브),LOVE DIVE,댄스,260746,2897,631031,3087232|3087234|3087238,3087238
34754292,10890384,i-dle (아이들),TOMBOY,록/메탈,245746,3558,1050107,1050107|778848|3080986,778848|3080986|1050107
34431086,10816959,김민석,취중고백,발라드,202609,421,602674,602674,2761343
34657844,10871162,멜로망스,사랑인가 봐,"발라드, 국내드라마",230228,317,839736,839732,839735
34061322,10735654,임영웅,사랑은 늘 도망가,"발라드, 국내드라마",231780,11079,9712,13692,1461084
34349913,10798794,IVE (아이브),ELEVEN,댄스,199543,1747,631031|2872412|781327|861809,2872412|781327|861809,2872412|861809|2736643
34845949,10908834,BIGBANG (빅뱅),봄여름가을겨울 (Still Life),록/메탈,354986,5591,6984|152192|608455,608455|2735646|2748606|6984|152192,608455|627051|756340
33496587,10610525,"경서예지, 전건호",다정히 내 이름을 부르면,발라드,217868,381,641751|237650,641751|237650,641751
34997078,10937474,싸이 (PSY),That That (prod. & feat. SUGA of BTS),댄스,140352,1241,3865|725988,725988|3865|722679,725988|722679
34927767,10925762,BIG Naughty (서동현),정이라고 하자 (Feat. 10CM),R&B/Soul,238018,828,2744750,2190430|2744750|2885367,2190430
33480898,10607796,이무진,신호등,록/메탈,316534,3204,2138620,2138620,2937857|2138620
34626109,10863559,태연 (TAEYEON),INVU,댄스,153959,1405,782988,839380|839379|748528|2926889,2890079
34256568,10775252,sokodomo,"회전목마 (Feat. Zion.T, 원슈타인) (Prod. Slom)",랩/힙합,236033,1211,2561475|537920|1702472,958165|537920|2561475|2940751|776561|1702472,958165|2940751|776561
34772475,10894554,Red Velvet (레드벨벳),Feel My Rhythm,댄스,161409,2012,631031,782776|714604|673423|2956876,782776|2956876
35454426,11011565,NewJeans,Hype Boy,댄스,312432,2813,3116925|777544|3116665,640712|777544,640712
34752700,10889981,박재범,GANADARA (Feat. 아이유),R&B/Soul,141008,657,443420|785579|2112493,785579|443420,785579|958165
35454425,11011565,NewJeans,Attention,댄스,258898,3022,3116925|3116926|3116666,640712|3116926,640712
35546497,11034298,IVE (아이브),After LIKE,댄스,249195,3539,631031,861809|778337|3122328|3122333|3122331|3122332,861809|778337|2059609|2400067
34943312,10929486,경서,나의 X에게,발라드,160792,360,674327|981837|2748273,674327|981837|2748273,674327|981837
35383397,11000171,WSG워너비 (가야G),그때 그 순간 그대로 (그그그),발라드,135340,904,274866|609561,274866|609561,609561|789402
34875621,10916904,BE'O (비오),LOVE me,랩/힙합,167066,516,2758756,2758756|2190430,2758756|2190430
33487342,10609232,aespa,Next Level,댄스,274011,5931,1030,826893|2858833|2938344|1030,826893|2858833|1030
34298499,10784974,BE'O (비오),리무진 (Feat. MINO) (Prod. GRAY),랩/힙합,202402,966,2758756|672625|742773,2758756|672625,672625
34481680,10827816,아이유,드라마,발라드,200638,729,261143,261143,261143
34101563,10743453,아이유,strawberry moon,록/메탈,237628,737,261143,261143|60168,60168|60272
4446485,2232505,성시경,너의 모든 순간,"발라드, 국내드라마",312139,604,4353,3305,6971
34787226,10897407,주호,내가 아니라도,발라드,115013,211,683631|859537,683631|859537,859537
34701627,10880544,MSG워너비(M.O.M),듣고 싶을까,발라드,97316,543,685087|1702472,3885|274866|612485,612485
33978183,10716399,주시크 (Joosiq),너를 생각해,"R&B/Soul, 인디음악",168978,205,2295313,2880487|1049983,1049983
32872978,10479150,방탄소년단,Dynamite,댄스,469933,19045,2887250|1648191,2887250|1648191,
35383398,11000171,WSG워너비(4FIRE),보고싶었어,R&B/Soul,136971,429,4676|753294,4676,4676|753294
34538515,10842611,YENA (최예나),SMILEY (Feat. BIBI),댄스,156799,1259,2007080|2403002|2399724|778979,740041|724344|2007080|778979,1134491
33655994,10645654,태연 (TAEYEON),Weekend,댄스,206925,2057,781017,1814067|2909487|2949569|2899436,2909487|1814067
35009233,10939458,LE SSERAFIM (르세라핌),FEARLESS,댄스,118980,1846,828992|741850|710659|3093358|3093357|3093356|4079|1759392|2967244|3093354|2086744|3093352|2633230,828992|741850|710659|3093358|3093357|3093356|4079|1759392|2967244|3093354|2086744|3093352|2633230,
33507137,10612483,방탄소년단,Butter,댄스,299213,7724,701495|2894574|2939015|725991|2939017|2939019|2939020,701495|2894574|2939015|725991|2939017|2939019|2939020,
35542908,11033394,BLACKPINK,Pink Venom,랩/힙합,164200,3057,605902|924443,605902|756340|633071|3121927,756340|633071|3121927
34599917,10857681,케이시 (Kassy),언제나 사랑해,발라드,85475,188,4676|780318,4676,4676|753294
33061995,10518234,경서,밤하늘의 별을(2020),발라드,242887,3097,2878598,2878598,3493
35595136,11045985,지코 (ZICO),새삥 (Prod. ZICO) (Feat. 호미들),랩/힙합,152988,897,602056|2754650|2753718,602056|778848,602056|778848
34398735,10810162,BE'O (비오),Counting Stars (Feat. Beenzino),랩/힙합,177235,1170,2758756|532029,2758756|2742406,2742406
30962526,10149492,폴킴,"모든 날, 모든 순간 (Every day, Every Moment)","발라드, 국내드라마",437919,1131,781005,781005,781005
34360855,10801677,이무진,눈이 오잖아(Feat.헤이즈),발라드,161341,696,2138620|2876891,2138620|2876891,640931|873855|2138620|2876891
32508053,10412319,임영웅,이제 나만 믿어요,성인가요/트로트,182947,6664,511981,4676,4676|602391
32698101,10447520,"디핵 (D-Hack), PATEKO (파테코)",OHAYO MY NIGHT,랩/힙합,241752,1012,785501,2750866|785501,2750866
3414749,1286252,아이유,내 손을 잡아,"발라드, 국내드라마",221050,1138,261143,261143,1816
33666269,10648182,방탄소년단,Permission to Dance,댄스,232221,4347,549800|2950352|2890277|701495,549800|2950352|2890277|701495,
34908740,10923444,임영웅,우리들의 블루스,발라드,120712,4589,3090135,47111|1702434,47111|1702434
33625988,10638275,MSG워너비(M.O.M),바라만 본다,발라드,192094,1932,673|274866,3885|274866|612485,612485
34819473,10903868,윤하 (YOUNHA),사건의 지평선,록/메탈,339799,3255,203912,203912|2645474,2645474|510242
34494149,10830791,GOT the beat,Step Back,댄스,101479,1429,1030,1030|895733|3064156|861809,1030|883258|861809
33239419,10554246,아이유,Celebrity,댄스,348552,4044,261143,861809|2917118|2917119|261143|2867059|2867058,2917118|2917119|861809
34754299,10890384,i-dle (아이들),MY BAG,랩/힙합,93685,586,1050107,1050107|1050222,1050222|2931169
34041584,10731792,aespa,Savage,댄스,168641,776,1030,2969382|2903519|1030|875085|2756628,2903519|1030
35333345,10990161,나연 (TWICE),POP!,댄스,98195,1195,717179,605098|790514|790513|2855691,790516
35361345,10995477,10CM,그라데이션,"인디음악, 포크/블루스",190675,503,468244,468244|606302,468244|9467|685055|680219|2020520
34535898,10842005,탑현,호랑수월가,발라드,99500,531,2946876,2946876,880720
33372781,10554246,아이유,라일락,댄스,266271,2266,261143,610840|685087|944275|2900110,610840|944275|2900110
30244931,10037969,방탄소년단,봄날,랩/힙합,513542,14290,168642|725991|1203128|4079|1459544|1203125|725988,168642|725991|1203128|4079|1459544|1203125|725988,
33448767,10601149,BE'O (비오),문득,랩/힙합,154386,300,2758756,2758756|2935363|982324,982324
34436674,10818396,aespa,Dreams Come True,댄스,115784,753,1605|1030|2165,3060592|1030|2165,1030|2165|719043|2560907
32061975,10331947,AKMU (악뮤),"어떻게 이별까지 사랑하겠어, 널 사랑하는 거지",발라드,487834,2851,712453,712453,1285726
34930368,10926502,볼빨간사춘기,Love story,"인디음악, 포크/블루스",135437,334,960306,960306|608300,608300
34298496,10784974,베이식 (Basick),만남은 쉽고 이별은 어려워 (Feat. Leellamarz) (Prod. TOIL),랩/힙합,146504,914,241227|967229,2190430|2755798|967229|2862839,2190430
33359725,10580227,호미들,"사이렌 Remix (Feat. UNEDUCATED KID, Paul Blanco)",랩/힙합,183182,688,2754651|2007637|943079,2754651|2863994,2863994
34817660,10903658,주시크 (Joosiq),아무래도 난,"R&B/Soul, 인디음악",93745,86,2295313,2880487|1049983,1049983
35252996,10975276,#안녕,해요 (2022),"발라드, 인디음악",108654,147,428,781,875358|2639302
32183386,10346650,아이유,Blueming,록/메탈,371433,2778,261143,60168|60272|261143,60168|60272
33976677,10716174,마크툽 (MAKTUB),찰나가 영원이 될 때 (The Eternal Moment),"R&B/Soul, 인디음악",118011,360,566431,566431,944881
34668619,10873811,STAYC(스테이씨),RUN2U,댄스,91030,1340,778973|601912,778973|601912|628831,487740|628831
33868791,10695590,멜로망스,고백,"발라드, 인디음악",123655,158,8933,8933|12835,839735
35413033,11004992,ITZY (있지),SNEAKERS,댄스,82385,1093,2893942|2927943|60685|3112334,60685|60686|3112334,60686
30287019,10043575,브레이브걸스,롤린 (Rollin'),댄스,302052,7463,426860|602180,426860|957863|602180,957863
33503722,10611845,헤이즈 (Heize),헤픈 우연,R&B/Soul,210005,883,751611,751611|1648,1648|444580
35485544,11011565,NewJeans,Cookie,댄스,154859,1039,3116925|777544,991183|777544,991183
35008524,10923444,임영웅,다시 만날 수 있을까,발라드,97633,3051,1088,1088,610062
35504734,11023224,소녀시대 (GIRLS' GENERATION),FOREVER 1,댄스,113955,1453,605098,605098|777544,605098|2403793
34481682,10827816,아이유,겨울잠,발라드,138883,964,261143,261143,1759925
35640077,11033394,BLACKPINK,Shut Down,랩/힙합,131877,1999,605902|924443|2748606,605902|756340,756340
35730562,11078852,i-dle (아이들),Nxde,댄스,164145,2167,1050107,1050107|778848|2006131,778848|2006131|1050107
33464805,10604729,오마이걸 (OH MY GIRL),Dun Dun Dance,댄스,170964,3037,631031|861809|2088048|1758811,861809|2088048|1758811,861809|2088048
34373632,10804190,10CM,서랍,"발라드, 국내드라마",113331,140,170616|2640423,170616|41415,41415|35628|38339
35238221,10972706,aespa,도깨비불 (Illusion),댄스,107414,896,3100715,861811|3100717|3100716,861811|3100717|3100716
4276080,2210557,자우림,"스물다섯, 스물하나",록/메탈,237724,822,1767,1767,100094
35729104,11078496,LE SSERAFIM (르세라핌),ANTIFRAGILE,댄스,169900,1986,828992|741850|3132364|4079|2947942|2204052|2086744|2639796|2867219|2084995,828992|741850|3132364|4079|2947942|2204052|2086744|2639796|2867219|2084995,
35177030,10960568,케이시 (Kassy),늦은 밤 헤어지긴 너무 아쉬워,발라드,74915,65,858125,4676,4676|753294
33725775,10661658,AKMU (악뮤),낙하 (with 아이유),록/메탈,197925,1350,712453,712453|1705340,1705340
34883833,10918269,제시 (Jessi),ZOOM,랩/힙합,52130,195,176393|3865|2730026|202530,3865|1648|2296974,1648|2296974
35238220,10972706,aespa,Girls,댄스,84531,1555,1030,861809|857586|916603|772715|916604|1030,861809|857586|916603|916604|1030
35665282,11062364,Crush,Rush Hour (Feat. j-hope of BTS),R&B/Soul,120182,606,674710|725984|787227,674710|673527,674710|673527
34100776,10743373,김승민,내 기쁨은 너가 벤틀리를 끄는 거야,랩/힙합,128420,382,827322,827322|1230217|2916445,1230217|2916445
34632789,10865624,휘인 (Whee In),"너, 너 (N번째 연애 X 휘인 (Whee In))",발라드,46319,124,1865555,1865555,944449
35272060,10979636,방탄소년단,Yet To Come,랩/힙합,129195,3721,168642|725991|773205|3103012|725988|725984,168642|725991|773205|3103012|725988|725984,
34461065,10823566,V,Christmas Tree,"발라드, 국내드라마",144222,1405,170616|774083,170616|774083,170616|774083
35008525,10923444,임영웅,무지개,록/메탈,85771,1413,1956086|714723,714723|1956086,1956086|714723|3093396
35643794,11057545,테이,Monologue,발라드,99084,285,32783,12415,2867136
31853557,10294603,마크툽 (MAKTUB),오늘도 빛나는 너에게 (To You My Light) (Feat.이라온),"R&B/Soul, 인디음악",296113,1151,566431,566431,566431|827439|2190842|257459
34701816,10880569,원슈타인,존재만으로,"랩/힙합, 국내드라마",134033,484,2875139|1702472,2636453,2636453
32794652,10463600,산들,취기를 빌려 (취향저격 그녀 X 산들),발라드,260298,2063,789082,789082,2931872
34399272,10810337,비비 (BIBI),우리가 헤어져야 했던 이유,"발라드, 국내드라마",97228,141,170616|774083,170616|774083,170616|774083
33248758,10556610,정동하,추억은 만남보다 이별에 남아,발라드,119611,413,1285827,1285827|2918024,1285827|2867643
33239419,10554246,아이유,Celebrity,댄스,348552,4044,261143,861809|2917118|2917119|261143|2867059|2867058,2917118|2917119|861809
30287019,10043575,브레이브걸스,롤린 (Rollin'),댄스,302052,7463,426860|602180,426860|957863|602180,957863
32872978,10479150,방탄소년단,Dynamite,댄스,469933,19045,2887250|1648191,2887250|1648191,
33487342,10609232,aespa,Next Level,댄스,274011,5931,1030,826893|2858833|2938344|1030,826893|2858833|1030
33372781,10554246,아이유,라일락,댄스,266272,2266,261143,610840|685087|944275|2900110,610840|944275|2900110
33061995,10518234,경서,밤하늘의 별을(2020),발라드,242887,3097,2878598,2878598,3493
33480898,10607796,이무진,신호등,록/메탈,316534,3204,2138620,2138620,2937857|2138620
33507137,10612483,방탄소년단,Butter,댄스,299213,7724,701495|2894574|2939015|725991|2939017|2939019|2939020,701495|2894574|2939015|725991|2939017|2939019|2939020,
3414749,1286252,아이유,내 손을 잡아,"발라드, 국내드라마",221050,1138,261143,261143,1816
33167063,10540298,송이한,밝게 빛나는 별이 되어 비춰줄게,R&B/Soul,139450,425,2189536,2189536,2631117
33625988,10638275,MSG워너비(M.O.M),바라만 본다,발라드,192094,1932,673|274866,3885|274866|612485,612485
33013877,10508266,장범준,잠이 오질 않네요,발라드,174738,907,648551|604,648551,648551|9055|3251|959232
33503722,10611845,헤이즈 (Heize),헤픈 우연,R&B/Soul,210005,883,751611,751611|1648,1648|444580
32961718,10498032,BLACKPINK,Lovesick Girls,댄스,248974,3629,605902|2894566|995174|995173|924443,605902|756340|995173|779912|2894571|633071|182123,756340|633071
32794652,10463600,산들,취기를 빌려 (취향저격 그녀 X 산들),발라드,260298,2063,789082,789082,2931872
33077590,10521601,"미란이 (MIRANI), 먼치맨(MUNCHMAN), Khundi Panda, 머쉬베놈 (MUSHVENOM)",VVS (Feat. JUSTHIS) (Prod. GroovyRoom),랩/힙합,221288,4466,786499|858851|786648|2866523|2747971|1703507|2745413,858851|786499|786648,858851
32860397,10476623,브레이브걸스,운전만해 (We Ride),댄스,137915,2736,426860|418361,426860|418361|760762|957863,760762|957863
33464805,10604729,오마이걸 (OH MY GIRL),Dun Dun Dance,댄스,170964,3037,631031|861809|2088048|1758811,861809|2088048|1758811,861809|2088048
32183386,10346650,아이유,Blueming,록/메탈,371433,2778,261143,60168|60272|261143,60168|60272
32578498,10426648,아이유,에잇(Prod.&Feat. SUGA of BTS),록/메탈,401762,10019,261143|725988,725988|261143|722679,725988|722679|261143
32061975,10331947,AKMU (악뮤),"어떻게 이별까지 사랑하겠어, 널 사랑하는 거지",발라드,487834,2851,712453,712453,1285726
3894276,2148596,스탠딩 에그,오래된 노래,"인디음악, 포크/블루스",291664,647,642013|642031|642051,642013|642031|642051,642013|642031|642051
32003395,10320500,장범준,흔들리는 꽃들 속에서 네 샴푸향이 느껴진거야,"록/메탈, 국내드라마",322160,1490,648551,648551,648551|9055|2637232|959232
33107649,10527955,이예준,그날에 나는 맘이 편했을까,발라드,104908,168,2762915,2762915,2762915
33077234,10521521,방탄소년단,Life Goes On,랩/힙합,247216,5416,168642|725991|2631700|979158|2855679|725988|725984,168642|725991|2631700|979158|2855679|725988|725984,
30962526,10149492,폴킴,"모든 날, 모든 순간 (Every day, Every Moment)","발라드, 국내드라마",437919,1131,781005,781005,781005
33331004,10573486,"양요섭, 정은지","LOVE DAY (2021) (바른연애 길잡이 X 양요섭, 정은지)",댄스,133460,804,511981,46492,944881
33011180,10507546,적재,나랑 같이 걸을래 (바른연애 길잡이 X 적재),발라드,164661,322,944881,944881,944881|1229593
31737197,10273641,방탄소년단,작은 것들을 위한 시 (Boy With Luv) (Feat. Halsey),댄스,422218,8757,168642|725991|777562|958668|4079|725988|2639284|725984|861336,168642|725991|777562|958668|4079|725988|2639284|725984|861336,
33397561,10589127,STAYC(스테이씨),ASAP,댄스,158242,3164,778973|601912,778973|601912,487740
32224272,10359162,창모 (CHANGMO),METEOR,랩/힙합,314158,4662,774900,774900,774900
1944399,399659,SG 워너비,Timeless,발라드,133890,610,673,3885,4676
33359725,10580227,호미들,"사이렌 Remix (Feat. UNEDUCATED KID, Paul Blanco)",랩/힙합,183182,688,2754651|2007637|943079,2754651|2863994,2863994
32491274,10409054,조정석,아로하,"발라드, 국내드라마",266641,1362,59287,4044,237968
33655994,10645654,태연 (TAEYEON),Weekend,댄스,206925,2057,781017,1814067|2909487|2949569|2899436,2909487|1814067
32559782,10423289,오마이걸 (OH MY GIRL),Dolphin,댄스,209123,3435,2243939,861809|2867058|2867059|2867060|2867062,861809|2867058|2867059|2867060|2867062
30244931,10037969,방탄소년단,봄날,랩/힙합,513542,14290,168642|725991|1203128|4079|1459544|1203125|725988,168642|725991|1203128|4079|1459544|1203125|725988,
33666269,10648182,방탄소년단,Permission to Dance,댄스,232221,4347,549800|2950352|2890277|701495,549800|2950352|2890277|701495,
33315511,10570193,ASH ISLAND,멜로디,랩/힙합,159460,663,2112495|2298855,2190430|2112495|2298855,2190430
33248758,10556610,정동하,추억은 만남보다 이별에 남아,발라드,119611,413,1285827,1285827|2918024,1285827|2867643
32698101,10447520,"디핵 (D-Hack), PATEKO (파테코)",OHAYO MY NIGHT,랩/힙합,241753,1012,785501,2750866|785501,2750866
31853557,10294603,마크툽 (MAKTUB),오늘도 빛나는 너에게 (To You My Light) (Feat.이라온),"R&B/Soul, 인디음악",296112,1151,566431,566431,566431|827439|2190842|257459
33725775,10661658,AKMU (악뮤),낙하 (with 아이유),록/메탈,197925,1350,712453,712453|1705340,1705340
32508053,10412319,임영웅,이제 나만 믿어요,성인가요/트로트,182947,6664,511981,4676,4676|602391
32525311,10416034,경서예지,사실 나는 (Feat.전건호),발라드,107071,261,641751|175155,641751|175155,641751
33496587,10610525,"경서예지, 전건호",다정히 내 이름을 부르면,발라드,217868,381,641751|237650,641751|237650,641751
33346446,10576966,로제 (ROSÉ),On The Ground,록/메탈,173792,1667,,,
32998018,10505118,임창정,힘든 건 사랑이 아니다,발라드,117534,746,1142,1142|714723|2745776,714723|2745776|990746
32438894,10399190,오반(OVAN),어떻게 지내 (Prod. By VAN.C),"랩/힙합, 인디음악",226704,1973,925515,925515|913581,913581
33229299,10552055,10CM,이 밤을 빌려 말해요 (바른연애 길잡이 X 10CM),발라드,114528,204,1758459|2898185|2896916,2898185|1758459|2896916,2633030|736322
32224166,10359126,#안녕,너의 번호를 누르고 (Prod. 영화처럼),"발라드, 인디음악",155290,290,2622534,2622534|1758583,2622534|1758583|875358
33372783,10554246,아이유,Coin,R&B/Soul,124774,1161,261143,778848|2006131|261143,778848
32156286,10348811,노을,늦은 밤 너의 집 앞 골목길에서,발라드,226996,1472,2746735,2006970,721526|861136|2006970
33372788,10554246,아이유,어푸 (Ah puh),댄스,141966,1039,261143|712453,712453|602271,602271
32720013,10451566,BLACKPINK,How You Like That,댄스,208595,3818,605902|924443,605902|633071|756340,633071|756340
8130796,2677681,라붐 (LABOUM),상상더하기,댄스,137829,2616,615734|413041,685124|960342,685124|637731
33589488,10631122,이무진,비와 당신,"록/메탈, 국내드라마",132928,567,9388,9388,2622024|2636453
1854856,376502,SG 워너비,라라라,발라드,99594,302,780318,4676,4676
32378104,10388744,아이유,마음을 드려요,"발라드, 국내드라마",265431,1838,170616|47789,170616|47789,170616|47789
32559781,10423289,오마이걸 (OH MY GIRL),살짝 설렜어 (Nonstop),댄스,196315,10407,631031|857998,1458453|2867054|2137950|60686,60686
33691794,10653694,조정석,좋아좋아,"발라드, 국내드라마",98121,234,471581,471581,2622024|2636453
32871975,10478925,규현 (KYUHYUN),내 마음이 움찔했던 순간 (취향저격 그녀 X 규현),발라드,127928,478,2867136,2867136,2867136
33589260,10631055,브레이브걸스,치맛바람 (Chi Mat Ba Ram),댄스,97009,2114,426860|602180,426860|602180|2112929,2112929
33527705,10614899,조이 (JOY),안녕 (Hello),록/메탈,144553,1328,1790|1844|12788,1844,605098
33559180,10623687,TWICE (트와이스),Alcohol-Free,댄스,97449,2475,1130,1130,1130|2399452
33115807,10529161,릴보이 (lIlBOI),"내일이 오면 (Feat. 기리보이, BIG Naughty (서동현))",랩/힙합,149013,1667,623251|585492|2744750,1230217|585492|623251|2744750|958165|2398550|776561,958165|2398550|776561
32143487,10346650,아이유,Love poem,록/메탈,356136,3142,261143,60168,673527|771375
31388145,10217134,폴킴,너를 만나,발라드,322566,986,752425,752425|551760|915828,915828|551760
1500196,332658,SG 워너비,내사람,R&B/Soul,78691,291,,,
32853712,10475061,박진영,When We Disco (Duet with 선미),댄스,84616,591,1130,1130,1130|2399452
33510307,10613163,"MSG워너비 TOP 8 (별루지, 김정수, 강창모, 정기석, 이동휘, 이상이, 박재정, 원슈타인)",상상더하기,댄스,65653,526,615734|413041,685124|960342,685124|637731|37626|696412
32345931,10381712,가호 (Gaho),시작,"록/메탈, 국내드라마",271598,2469,4626,5926,748263
32187544,10353881,신예영,우리 왜 헤어져야 해,발라드,152484,605,202528,202528,202528
33618271,10636091,빅마마,하루만 더,발라드,63415,361,607427|2946686,607427|634991|1459376,607427|856407|875332
33104090,10527241,벤,혼술하고 싶은 밤,발라드,71926,181,2630993,2630993,2630993
33625989,10638275,MSG워너비(정상동기),나를 아는 사람,발라드,70663,764,45162,3959,3566
31984204,10317137,폴킴,안녕,"발라드, 국내드라마",225724,533,752425|445720|43739,763813|752425,763813
33749109,10667450,전소미,DUMB DUMB,댄스,105793,794,605902|924443|968260,605902|633071|756340|2748625,605902|633071|756340
32570501,10425277,순순희,서면역에서,"발라드, 인디음악",66285,239,674327,674327,674327
32777869,10460544,백지영,거짓말이라도 해서 널 보고싶어,발라드,92868,183,944881,944881|2634982,944881|1229593
33260801,10559322,허각,고백 (바른연애 길잡이 X 허각),발라드,52089,82,160738,151315,875016
33164083,10539679,허각,우린 어쩌다 헤어진 걸까,발라드,55204,105,4681,2006970,721526|861136
30773554,10117789,블루 (BLOO),Downtown Baby,"랩/힙합, 인디음악",208975,2748,980594,2020029|980594,
34101563,10743453,아이유,strawberry moon,록/메탈,237628,737,261143,261143|60168,60168|60272
34041584,10731792,aespa,Savage,댄스,168641,776,1030,2969382|2903519|1030|875085|2756628,2903519|1030
33447280,10600760,ITZY (있지),마.피.아. In the morning,랩/힙합,70229,2715,1130|1814961|2084995|2935163,2935163|1130|696850|1814961|2399452,2935163|1130|2399452|696850
33805289,10680450,Red Velvet (레드벨벳),Queendom,댄스,124898,2286,612432,773447|612441|747828|2855691,773447
33405149,10590812,다비치,그냥 안아달란 말야,발라드,50864,187,236815|2931579|788394,788394,788394
33372787,10554246,아이유,아이와 나의 바다,발라드,207818,2289,261143,773485|1702683,773485
33618864,10636269,김대명,가을 우체국 앞에서,"발라드, 국내드라마",67303,253,6232,6232,2751673
34256568,10775252,sokodomo,"회전목마 (Feat. Zion.T, 원슈타인) (Prod. Slom)",랩/힙합,236033,1211,2561475|537920|1702472,958165|537920|2561475|2940751|776561|1702472,958165|2940751|776561
32651098,10440381,전상근,사랑은 지날수록 더욱 선명하게 남아,발라드,80633,305,2006970,2006970,721526|861136|2006970
33347390,10577197,CHEEZE (치즈),이렇게 좋아해 본 적이 없어요,"발라드, 인디음악",107189,147,944881|2898185,944881|2898185,944881|1229593
32725013,10452351,화사 (HWASA),마리아 (Maria),댄스,163818,1928,633731|756531,633731|756531,633731
33001672,10505830,마마무 (Mamamoo),딩가딩가 (Dingga),댄스,70582,600,274866|633731|756529,274866|633731|756531,274866|633731
33295747,10566182,이소정,함께 했는데 이별은 나 혼자인 거야,발라드,61335,100,944881|2898185,944881|2898185,944881|1229593
33759183,10670618,헤이즈 (Heize),비가 오는 날엔 (2021),"발라드, 국내드라마",94233,275,54478|243232,54478,2900472|751611
711626,50578,SG 워너비,살다가,발라드,78081,180,4293,4293,4293
33337651,10575005,임영웅,별빛 같은 나의 사랑아,성인가요/트로트,81083,3278,18,18,2756824
33150997,10536658,릴보이 (lIlBOI),"CREDIT (Feat. 염따, 기리보이, Zion.T)",랩/힙합,95309,1040,623251|585492|202530|537920,958165|776561|623251|202530|537920,958165|776561
32313543,10375118,지코 (ZICO),아무노래,랩/힙합,284667,3057,602056,602056|778848,602056|778848
32224272,10359162,창모 (CHANGMO),METEOR,랩/힙합,314158,4662,774900,774900,774900
32491274,10409054,조정석,아로하,"발라드, 국내드라마",266641,1362,59287,4044,237968
32003395,10320500,장범준,흔들리는 꽃들 속에서 네 샴푸향이 느껴진거야,"록/메탈, 국내드라마",322160,1490,648551,648551,648551|9055|2637232|959232
32578498,10426648,아이유,에잇(Prod.&Feat. SUGA of BTS),록/메탈,401762,10019,261143|725988,725988|261143|722679,725988|722679|261143
32183386,10346650,아이유,Blueming,록/메탈,371433,2778,261143,60168|60272|261143,60168|60272
32156286,10348811,노을,늦은 밤 너의 집 앞 골목길에서,발라드,226996,1472,2746735,2006970,721526|861136|2006970
32345931,10381712,가호 (Gaho),시작,"록/메탈, 국내드라마",271598,2469,4626,5926,748263
31737197,10273641,방탄소년단,작은 것들을 위한 시 (Boy With Luv) (Feat. Halsey),댄스,422218,8757,168642|725991|777562|958668|4079|725988|2639284|725984|861336,168642|725991|777562|958668|4079|725988|2639284|725984|861336,
32273582,10368053,Red Velvet (레드벨벳),Psycho,댄스,248736,5750,605098,844304|747828|1458723,844304|1030
32061975,10331947,AKMU (악뮤),"어떻게 이별까지 사랑하겠어, 널 사랑하는 거지",발라드,487834,2851,712453,712453,1285726
32872978,10479150,방탄소년단,Dynamite,댄스,469933,19045,2887250|1648191,2887250|1648191,
32378104,10388744,아이유,마음을 드려요,"발라드, 국내드라마",265431,1838,170616|47789,170616|47789,170616|47789
32486613,10408131,엠씨더맥스 (M.C the MAX),처음처럼,발라드,119142,3007,214784,607427|634991|1459376,607427|634991|875332
32720013,10451566,BLACKPINK,How You Like That,댄스,208595,3818,605902|924443,605902|633071|756340,633071|756340
32559781,10423289,오마이걸 (OH MY GIRL),살짝 설렜어 (Nonstop),댄스,196315,10407,631031|857998,1458453|2867054|2137950|60686,60686
32399830,10377346,방탄소년단,ON,랩/힙합,253667,28377,168642|725991|875079|777562|958668|725988|725984|2855679|1202647|2638174,168642|725991|875079|777562|958668|725988|725984|2855679|1202647|2638174,
31853557,10294603,마크툽 (MAKTUB),오늘도 빛나는 너에게 (To You My Light) (Feat.이라온),"R&B/Soul, 인디음악",296112,1151,566431,566431,566431|827439|2190842|257459
30773554,10117789,블루 (BLOO),Downtown Baby,"랩/힙합, 인디음악",208975,2748,980594,2020029|980594,
32725013,10452351,화사 (HWASA),마리아 (Maria),댄스,163818,1928,633731|756531,633731|756531,633731
32438894,10399190,오반(OVAN),어떻게 지내 (Prod. By VAN.C),"랩/힙합, 인디음악",226704,1973,925515,925515|913581,913581
30962526,10149492,폴킴,"모든 날, 모든 순간 (Every day, Every Moment)","발라드, 국내드라마",437919,1131,781005,781005,781005
32790516,10462799,"싹쓰리 (유두래곤, 린다G, 비룡)",다시 여기 바닷가,댄스,250073,2893,2881111|602056,3237,2731797
32559782,10423289,오마이걸 (OH MY GIRL),Dolphin,댄스,209123,3435,2243939,861809|2867058|2867059|2867060|2867062,861809|2867058|2867059|2867060|2867062
32614125,10433754,전미도,사랑하게 될 줄 알았어,"발라드, 국내드라마",163751,1008,20201,20201,719805
31984204,10317137,폴킴,안녕,"발라드, 국내드라마",225724,533,752425|445720|43739,763813|752425,763813
32377231,10388581,김필,그때 그 아인,"발라드, 국내드라마",160405,545,4626,5926,5926
32794652,10463600,산들,취기를 빌려 (취향저격 그녀 X 산들),발라드,260298,2063,789082,789082,2931872
32143487,10346650,아이유,Love poem,록/메탈,356136,3142,261143,60168,673527|771375
32175937,10351886,마마무 (Mamamoo),HIP,댄스,138867,1510,274866|633731|756531,274866|633731|756531,274866|633731
32187544,10353881,신예영,우리 왜 헤어져야 해,발라드,152484,605,202528,202528,202528
32473998,10405712,조이 (JOY),좋은 사람 있으면 소개시켜줘,"발라드, 국내드라마",139523,741,602674,1965,979270
32298623,10372655,백현 (BAEKHYUN),너를 사랑하고 있어,"발라드, 국내드라마",184374,2255,445720|27619,1702434|47111,1702434|47111
30244931,10037969,방탄소년단,봄날,랩/힙합,513542,14290,168642|725991|1203128|4079|1459544|1203125|725988,168642|725991|1203128|4079|1459544|1203125|725988,
32323969,10377346,방탄소년단,Black Swan,랩/힙합,192198,6938,168642|725991|875079|1989795|2763997,168642|725991|875079|1989795|2763997,
32734372,10453701,지코 (ZICO),Summer Hate (Feat. 비),랩/힙합,123425,1047,602056,602056|778848,602056|778848
32583036,10427559,볼빨간사춘기,나비와 고양이 (feat.백현 (BAEKHYUN)),"인디음악, 포크/블루스",181265,3736,960306,960306|608300,608300
32311870,10374783,백예린 (Yerin Baek),"다시 난, 여기","발라드, 국내드라마",148583,537,170616|2559695,170616|2559695,170616|2559695
32825454,10469416,제시 (Jessi),눈누난나 (NUNU NANA),랩/힙합,106508,828,176393|3865|164737|787227|2299823|585791|2740596,1648|787227|1049964,1648|1049964|16968
32361098,10385262,하현우 (국카스텐),돌덩이,"록/메탈, 국내드라마",131872,656,20038|653833,5926,603784
3894276,2148596,스탠딩 에그,오래된 노래,"인디음악, 포크/블루스",291664,647,642013|642031|642051,642013|642031|642051,642013|642031|642051
32034629,10326710,전상근,사랑이란 멜로는 없어,발라드,145144,595,944881,944881|761272|967408,944881|1229593|761272|967408
32224409,10359204,진민호,반만,발라드,76470,593,563552|580553,580553|875016,580553|875016
31703498,10267986,HYNN (박혜원),시든 꽃에 물을 주듯,발라드,230321,1011,2083930|2619696|2637208,2637208,2637208|3566
31388145,10217134,폴킴,너를 만나,발라드,322566,986,752425,752425|551760|915828,915828|551760
32243273,10362776,백예린 (Yerin Baek),Square (2017),R&B/Soul,314262,2833,698776,698776|721980,721980
32381408,10389281,IZ*ONE (아이즈원),FIESTA,댄스,149016,5096,631031|2854856|225993|2019558,225993|2019558,225993|2019558
32528369,10416723,Apink (에이핑크),덤더럼 (Dumhdurum),댄스,93914,4225,778973|601912,778973|601912,487740
32228058,10359994,"염따, 딥플로우, 팔로알토 (Paloalto), The Quiett, 사이먼 도미닉","아마두 (feat.우원재, 김효은, 넉살, Huckleberry P)",랩/힙합,167994,3291,202530|226587|170978|27744|428847|1866689|1024715|672461|567813,2398904|202530|226587|1024715|567813,2398904
32059630,10331499,임재현,조금 취했어 (Prod. 2soo),"발라드, 인디음악",137352,1909,12943,12943,12943
32399832,10377346,방탄소년단,00:00 (Zero O’Clock),랩/힙합,185265,2644,168642|725991|2855683|2855679,168642|725991|2855683|2855679,
32853712,10475061,박진영,When We Disco (Duet with 선미),댄스,84616,591,1130,1130,1130|2399452
32508053,10412319,임영웅,이제 나만 믿어요,성인가요/트로트,182947,6664,511981,4676,4676|602391
32725022,10452354,선미,보라빛 밤 (pporappippam),댄스,98430,1053,22938,22938|826720,826720
32445339,10400522,ITZY (있지),WANNABE,댄스,128449,1811,602104,602104|2858715,2858742
32808616,10465994,이하이,홀로,R&B/Soul,159617,689,916187,916187,1240034
32508146,10412335,규현 (KYUHYUN),화려하지 않은 고백,"발라드, 국내드라마",94738,315,872,872,4296|680692
32636656,10437786,TWICE (트와이스),MORE & MORE,댄스,83247,3101,1130|2403002,719219|958041|906533|829831,719219|1130|2399452
32961718,10498032,BLACKPINK,Lovesick Girls,댄스,248974,3629,605902|2894566|995174|995173|924443,605902|756340|995173|779912|2894571|633071|182123,756340|633071
32698765,10447670,아이유,Into the I-LAND,댄스,143577,1466,620071|777562|958668|4079|2084995|717179|858547|2139978,620071|777562|958668|4079|2084995|717179|858547|2139978,
31873020,10298014,황인욱,포장마차,발라드,168909,565,1865473,1865473|696941,696941|2736890
32399834,10377346,방탄소년단,친구,랩/힙합,182712,2756,168642|710659|725985|1203128|2855685|722722,168642|710659|725985|1203128|2855685|722722,
32651098,10440381,전상근,사랑은 지날수록 더욱 선명하게 남아,발라드,80633,305,2006970,2006970,721526|861136|2006970
32871975,10478925,규현 (KYUHYUN),내 마음이 움찔했던 순간 (취향저격 그녀 X 규현),발라드,127928,478,2867136,2867136,2867136
32224271,10359162,창모 (CHANGMO),빌었어,랩/힙합,163682,1004,774900,774900,774900
32021744,10324004,V.O.S,다시 만날까 봐,발라드,104250,223,645671,645671,645671
32271720,10367659,백지영,"다시는 사랑하지 않고, 이별에 아파하기 싫어",발라드,79947,474,202528,202528,202528
31324607,10207131,임재현,사랑에 연습이 있었다면 (Prod. 2soo),발라드,237583,3101,12943,12943,12943
32399827,10377346,방탄소년단,Filter,랩/힙합,154062,4295,2855667|2855668|4079|717179|2855670|2084995|14993|447901|774375|609972,2855667|2855668|4079|717179|2855670|2084995|14993|447901|774375|609972,
31829536,10290621,먼데이 키즈,사랑이 식었다고 말해도 돼,발라드,135053,456,641751|237650,641751|237650,641751|723211|237650
32978341,10501191,환불원정대,DON'T TOUCH ME,댄스,153899,2336,778973|601912|2895623|164737|2635463|2740596,778973|601912,487740
32226962,10359789,다비치,나의 오랜 연인에게,발라드,93533,753,236815,4676,4676|753294
32282389,10369830,마크툽 (MAKTUB),마음이 말하는 행복 (Happiness) (Feat.이라온),"R&B/Soul, 인디음악",77648,290,566431|827439,566431|827439,566431|2190842|257459
32814383,10467129,"싹쓰리 (유두래곤, 린다G, 비룡)",그 여름을 틀어줘,댄스,91169,807,602123,602123,602123
32768945,10459197,"싹쓰리 (유두래곤, 린다G, 비룡)",여름 안에서 by 싹쓰리 (Feat. 황광희),댄스,101992,633,3614,3614,1907445
31666417,10260858,잔나비,주저하는 연인들을 위해,"인디음악, 록/메탈",448600,3666,772258,772258|772255|772257,772258|772255|772257|763974
32399835,10377346,방탄소년단,Moon,랩/힙합,160285,3905,606458|725991|725986|1203128|2139979|2139980|2735847|740021,606458|725991|725986|1203128|2139979|2139980|2735847|740021,
31788850,10283614,송하예,니 소식,발라드,209800,1470,747509,608046|747509,747509
32521396,10415229,어반자카파,그대 고운 내사랑,"발라드, 국내드라마",57104,87,6003,6003,2751673
32777869,10460544,백지영,거짓말이라도 해서 널 보고싶어,발라드,92868,183,944881,944881|2634982,944881|1229593
32998018,10505118,임창정,힘든 건 사랑이 아니다,발라드,117534,746,1142,1142|714723|2745776,714723|2745776|990746
32399828,10377346,방탄소년단,시차,랩/힙합,137300,3090,2855673|725991|906888|168642|2855672|2855674|725987,2855673|725991|906888|168642|2855672|2855674|725987,
32085144,10336518,장덕철,있어줘요,"발라드, 인디음악",91692,531,713986,713986,944881
31967064,10314289,거미 (GUMMY),기억해줘요 내 모든 날과 그때를,"발라드, 국내드라마",184411,438,445720|43739,2736295|763813,763813|2736295
32397381,10391899,임영웅,어느 60대 노부부이야기,성인가요/트로트,81277,1218,2935,2935,711132
32224383,10359196,"김나영, 양다일",헤어진 우리가 지켜야 할 것들,발라드,86218,2410,563552,632611|510537,632611
32364000,10385896,Crush,둘만의 세상으로 가,"발라드, 국내드라마",60253,286,1024478,1024478|2751673|2622024,1024478|2751673|2642635|2642636
32616054,10434085,황인욱,취했나봐,발라드,58263,873,1865473,1865473|696941,696941|2736890
32091557,10337665,송하예,새 사랑,발라드,105085,1319,563552|580553,580553|875016|958643,580553|875016
32833393,10470992,i-dle (아이들),덤디덤디 (DUMDi DUMDi),댄스,130242,2189,1050107,1050107|778848,778848|1050107
32399837,10377346,방탄소년단,We are Bulletproof : the Eternal,랩/힙합,143307,2210,2855688|725991|2879424|2879425|2855690|747828|2855691|2855692|2855693|2139979|2139980|725988|725984|2855694|2855679,2855688|725991|2879424|2879425|2855690|747828|2855691|2855692|2855693|2139979|2139980|725988|725984|2855694|2855679,
31854689,10294820,"창모 (CHANGMO), Hash Swan, ASH ISLAND, 김효은",BAND,랩/힙합,142451,875,774900|827434|2112495|1024715,990815,990815
32646938,10439549,"식케이 (Sik-K), pH-1, 박재범, 김하온 (HAON)",깡 Official Remix,랩/힙합,71034,1767,786888|410161|786648|943511|443420|2112493,748732|410161|611542,748732|611542
31938460,10309213,태연 (TAEYEON),그대라는 시,"발라드, 국내드라마",252158,1464,445720|43739,773447,773447
32399833,10377346,방탄소년단,Inner Child,랩/힙합,140044,2560,725991|2751022|2639287|2639289|2855684|1957885|168642|725989|881236,725991|2751022|2639287|2639289|2855684|1957885|168642|725989|881236,
31688205,10265079,태연 (TAEYEON),사계 (Four Seasons),발라드,269811,2595,605098,875080|2084169|1255886|605098,605098|2403470
32457751,10402513,영탁,찐이야,성인가요/트로트,70649,4168,792171|714255,792171|714255,792171|714255|611111
8235260,2692501,폴킴,비,R&B/Soul,299713,797,752425,752425,915828
32631950,10436942,미도와 파라솔,"너에게 난, 나에게 넌","발라드, 국내드라마",82734,348,261071,261071,237968
32323639,10377241,김재환,어떤 날엔,"발라드, 국내드라마",65962,1171,608334,720541,720541
